Trades,WinRate,MedianPnL,AvgDays
9,0.4444444444444444,0.0,1.1111111111111112
